markerName,markerPosX,markerPosY,markerPosZ
unlabeled,425.8177466825995,542.4186952222476,702.4160203980232
