markerName,markerPosX,markerPosY,markerPosZ
unlabeled,650.6208408833293,722.0725001597798,1061.8272991852655
