markerName,markerPosX,markerPosY,markerPosZ
unlabeled,650.8006380980031,721.7577882487715,1061.5451656195717
