markerName,markerPosX,markerPosY,markerPosZ
unlabeled,426.14370679798014,542.7874155976945,700.7260721354323
