markerName,markerPosX,markerPosY,markerPosZ
unlabeled,641.7020380745007,727.1971610431979,1062.3423743886829
