markerName,markerPosX,markerPosY,markerPosZ
unlabeled,-322.01057238515557,320.44213365798834,4.619964523608101
unlabeled,-321.8095489580966,219.35999052060032,4.440042008656897
