markerName,markerPosX,markerPosY,markerPosZ
unlabeled,641.7006902054687,727.2123158576517,1062.2948982170954
