markerName,markerPosX,markerPosY,markerPosZ
unlabeled,-322.03331496962596,320.44374450873397,4.560001434954186
unlabeled,-321.79572016120284,219.3465465117563,4.396712799775165
